,Engine_ID,Timestamp,Temperature,Pressure,Rotational_Speed,Engine_Health,Engine_Failure
0,1,2023-01-01 0:00:00,555.1538522,129.023571,3049.40574,0.9583840653,0
1,1,2023-01-01 0:10:00,426.7028973,104.9870899,2972.372774,1.019795001,0
2,1,2023-01-01 0:20:00,474.4459727,105.4545103,3355.744366,0.8666810605,0
3,1,2023-01-01 0:30:00,489.8266883,127.1667508,3031.17212,1.225052006,0
4,1,2023-01-01 0:40:00,456.0366385,119.3114792,3143.603114,1.060224065,0
5,1,2023-01-01 0:50:00,473.1862707,111.985134,2847.832285,1.081154544,0
6,1,2023-01-01 1:00:00,549.7853047,112.8581852,3119.941093,1.278464896,0
7,1,2023-01-01 1:10:00,473.1634402,128.2194405,2832.073481,0.9728453073,0
8,1,2023-01-01 1:20:00,421.7549729,114.8913362,3273.250992,1.040050208,1
9,1,2023-01-01 1:30:00,391.2016336,104.4199811,3057.934114,1.033222225,0
10,1,2023-01-01 1:40:00,427.1830404,95.79482957,2833.884023,1.00264059,0
11,1,2023-01-01 1:50:00,458.8482032,116.4341766,2979.043283,1.135016181,0
12,1,2023-01-01 2:00:00,,124.2742444,3247.718472,1.329789745,0
13,1,2023-01-01 2:10:00,487.2795267,128.8515289,3030.41102,1.140617817,0
14,1,2023-01-01 2:20:00,554.6749504,134.5001735,2672.09052,1.595947583,0
15,1,2023-01-01 2:30:00,578.2762148,126.96729,3272.840676,1.228713025,0
16,1,2023-01-01 2:40:00,514.7308298,123.1147998,3086.782143,1.050138643,0
17,1,2023-01-01 2:50:00,,137.9680224,2913.992901,1.56420367,1
18,1,2023-01-01 3:00:00,615.8227111,138.1972175,2974.392199,1.423692815,0
19,1,2023-01-01 3:10:00,508.380299,126.620826,2839.259807,1.31916701,0
20,1,2023-01-01 3:20:00,441.2226195,108.6701836,2956.74957,1.191665398,0
21,1,2023-01-01 3:30:00,444.9173902,101.819767,3186.255814,1.140807131,0
22,1,2023-01-01 3:40:00,533.6357732,137.0499827,3150.407616,1.791976649,0
23,1,2023-01-01 3:50:00,545.3954388,106.0487838,2988.284581,1.209296017,1
24,1,2023-01-01 4:00:00,485.0334446,133.795563,3165.21763,1.363387882,0
25,1,2023-01-01 4:10:00,495.4759772,124.2361557,3060.257983,1.52242451,0
26,1,2023-01-01 4:20:00,477.8653826,130.36874,2695.08666,1.440401633,0
27,1,2023-01-01 4:30:00,475.1359719,105.7599044,3114.349146,1.268802472,0
28,1,2023-01-01 4:40:00,445.4416841,86.46007927,2972.372372,1.244217624,0
29,1,2023-01-01 4:50:00,446.7717041,,3303.680937,1.265144653,0
30,1,2023-01-01 5:00:00,433.1050043,122.7544785,2882.823654,1.276253722,0
31,1,2023-01-01 5:10:00,615.088824,,3177.924726,1.435215285,0
32,1,2023-01-01 5:20:00,514.6003671,118.0312691,2991.165828,1.17784835,0
33,1,2023-01-01 5:30:00,455.3162351,98.96447181,2805.38328,1.215440532,0
34,1,2023-01-01 5:40:00,536.8497264,131.6824722,3031.804928,1.405576919,0
35,1,2023-01-01 5:50:00,475.937806,111.3236109,3097.560893,1.074177771,0
36,1,2023-01-01 6:00:00,498.2921497,125.4022866,2748.599809,1.550114235,1
37,1,2023-01-01 6:10:00,473.0175861,118.2309657,3031.48094,1.32565217,0
38,1,2023-01-01 6:20:00,,119.727042,2850.460024,1.536593121,0
39,1,2023-01-01 6:30:00,,146.7181951,2753.632254,1.414710101,0
40,1,2023-01-01 6:40:00,455.5417842,103.0662727,2580.524982,1.113100259,0
41,1,2023-01-01 6:50:00,503.642041,121.2816729,2939.681771,1.408830879,0
42,1,2023-01-01 7:00:00,483.8174138,126.0910432,2897.113217,1.248543252,0
43,1,2023-01-01 7:10:00,553.9572225,122.8785639,2959.418818,1.37849665,0
44,1,2023-01-01 7:20:00,481.1333232,110.9571463,2934.495646,1.218316208,1
45,1,2023-01-01 7:30:00,529.3771346,112.5300487,2905.263527,1.277392215,0
46,1,2023-01-01 7:40:00,459.1491562,115.9493012,3141.432939,1.260968593,0
47,1,2023-01-01 7:50:00,527.2870596,,3126.762328,1.694283913,1
48,1,2023-01-01 8:00:00,475.2445826,102.8503647,2896.694132,1.143818328,1
49,1,2023-01-01 8:10:00,441.3791852,106.8140985,3264.769982,1.114362485,0
50,1,2023-01-01 8:20:00,485.6070201,96.54980043,2975.957598,1.258533643,0
51,1,2023-01-01 8:30:00,,97.4779867,2897.242234,1.024363157,0
52,1,2023-01-01 8:40:00,,125.5818573,2844.951891,1.334513964,0
53,1,2023-01-01 8:50:00,430.8528036,84.17999239,2885.51211,1.255652364,0
54,1,2023-01-01 9:00:00,547.1546996,,2674.331479,1.474144524,0
55,1,2023-01-01 9:10:00,495.5853725,108.8884658,3146.766819,1.146700746,0
56,1,2023-01-01 9:20:00,525.6589678,144.8511719,3313.705485,1.638139375,0
57,1,2023-01-01 9:30:00,510.8551538,105.0536286,2859.56277,1.251757879,0
58,1,2023-01-01 9:40:00,405.3125951,95.95950659,3135.769822,1.115969637,0
59,1,2023-01-01 9:50:00,463.7212322,122.6480445,2921.270866,1.251107767,0
60,1,2023-01-01 10:00:00,371.510311,120.6054731,3016.902516,1.274748816,0
61,1,2023-01-01 10:10:00,497.2493364,112.9529889,2908.29901,1.059759424,0
62,1,2023-01-01 10:20:00,483.4039788,106.3954381,2536.518219,1.123848579,0
63,1,2023-01-01 10:30:00,554.263293,140.2325654,3392.281943,1.229261938,0
64,1,2023-01-01 10:40:00,475.1424146,111.3268694,2911.612279,1.217832971,0
65,1,2023-01-01 10:50:00,453.320123,112.8442656,2779.611,1.265395127,0
66,1,2023-01-01 11:00:00,480.0183001,127.362833,2931.74973,1.158120529,0
67,1,2023-01-01 11:10:00,534.2690463,128.4685981,3082.579736,1.168776858,0
68,1,2023-01-01 11:20:00,498.8150934,131.322715,2814.006333,1.147175604,0
69,1,2023-01-01 11:30:00,510.0758379,144.1704852,2995.145975,1.192418816,0
70,1,2023-01-01 11:40:00,545.3489239,130.8707647,2840.609919,1.229453669,0
71,1,2023-01-01 11:50:00,486.057045,117.1476281,2978.261206,1.221131585,0
72,1,2023-01-01 12:00:00,477.5625873,109.8636779,2754.674485,0.9394998581,0
73,1,2023-01-01 12:10:00,480.0546661,124.1583253,3228.330351,0.8655421064,1
74,1,2023-01-01 12:20:00,525.4347168,123.3207056,3008.408242,1.667044216,0
75,1,2023-01-01 12:30:00,578.0954647,144.2483493,3086.33469,1.359489437,0
76,1,2023-01-01 12:40:00,533.9762353,123.974674,2784.700505,1.075988624,0
77,1,2023-01-01 12:50:00,531.8243923,118.708459,3292.215194,0.9662112525,0
78,1,2023-01-01 13:00:00,450.3415103,115.6539736,3055.937129,1.246010614,0
79,1,2023-01-01 13:10:00,458.5338711,106.1242092,2905.903983,1.146424968,0
80,1,2023-01-01 13:20:00,471.1432598,,3130.449567,0.8941987863,0
81,1,2023-01-01 13:30:00,449.7726256,128.3465319,2994.066926,1.090403108,0
82,1,2023-01-01 13:40:00,452.3529275,104.4938695,2798.621003,0.9998657892,0
83,1,2023-01-01 13:50:00,449.777267,116.4265407,2945.627831,1.407197201,0
84,1,2023-01-01 14:00:00,557.5920699,128.2155117,3197.670978,1.314799706,0
85,1,2023-01-01 14:10:00,440.4869943,116.1813285,2924.622688,0.895427877,0
86,1,2023-01-01 14:20:00,513.8127443,124.0759665,3178.082043,1.339120734,0
87,1,2023-01-01 14:30:00,422.4024309,101.5526089,3033.753421,1.029952371,0
88,1,2023-01-01 14:40:00,477.9449974,108.4104676,3117.592363,1.154335622,0
89,1,2023-01-01 14:50:00,530.240079,148.0442324,2699.131329,1.263850173,0
90,1,2023-01-01 15:00:00,496.9967796,125.7882046,2993.221297,0.977330238,0
91,1,2023-01-01 15:10:00,632.679004,,3172.149157,1.253916474,0
92,1,2023-01-01 15:20:00,443.9440288,110.284361,3114.617428,1.142233063,0
93,1,2023-01-01 15:30:00,,125.0558183,3101.313049,1.087260968,1
94,1,2023-01-01 15:40:00,547.3759937,120.6203588,2805.954166,0.8690878852,0
95,1,2023-01-01 15:50:00,533.3631142,112.0839695,3203.342737,1.04414255,0
96,1,2023-01-01 16:00:00,595.9846208,135.5573939,2914.608575,1.134069671,0
97,1,2023-01-01 16:10:00,532.5861742,138.5239234,2765.38682,1.151465673,0
98,1,2023-01-01 16:20:00,453.1282466,96.13720345,3025.424986,0.8937694605,0
99,1,2023-01-01 16:30:00,521.9742125,107.5203765,2730.209457,0.8642161173,0
100,1,2023-01-01 16:40:00,389.5955804,108.8545936,3020.517824,0.800523269,0
101,1,2023-01-01 16:50:00,492.1730121,132.499354,3014.426745,1.063376725,0
102,1,2023-01-01 17:00:00,515.6845515,117.7323052,2860.890407,1.107355327,0
103,1,2023-01-01 17:10:00,480.7579626,116.4352831,2969.479,0.9670758323,0
104,1,2023-01-01 17:20:00,483.9717237,119.0261175,3041.273962,0.941106301,1
105,1,2023-01-01 17:30:00,446.5517708,94.01878064,3093.155695,0.836118956,0
106,1,2023-01-01 17:40:00,455.3926757,113.4285389,3212.799566,0.7620862823,0
107,1,2023-01-01 17:50:00,499.0882035,123.8576238,2844.624449,0.9800952584,1
108,1,2023-01-01 18:00:00,503.2267303,121.1678553,3302.271877,0.6230759493,0
109,1,2023-01-01 18:10:00,531.5780408,119.1170875,2896.629452,1.00826452,0
110,1,2023-01-01 18:20:00,538.6755797,122.4228411,3035.611408,0.9817871276,0
111,1,2023-01-01 18:30:00,531.6086635,128.1031943,3061.587033,0.9342255692,0
112,1,2023-01-01 18:40:00,486.8512566,116.7965945,3114.155044,1.005428469,1
113,1,2023-01-01 18:50:00,517.1871428,128.5542883,2846.855626,0.7890662824,1
114,1,2023-01-01 19:00:00,491.1354102,105.6803623,2965.695885,0.8838465789,0
115,1,2023-01-01 19:10:00,547.7307654,124.651851,2977.479618,0.9967798669,0
116,1,2023-01-01 19:20:00,581.7814306,124.4785648,2370.470207,0.9226809619,0
117,1,2023-01-01 19:30:00,478.5048016,113.2461149,3260.332648,1.271477823,0
118,1,2023-01-01 19:40:00,464.4885304,106.9241186,2935.959798,0.693316918,0
119,1,2023-01-01 19:50:00,474.7126829,110.9899449,2959.592004,1.282314613,0
120,1,2023-01-01 20:00:00,490.4154528,101.0291646,3243.842366,0.9861346535,0
121,1,2023-01-01 20:10:00,388.648506,,2959.608495,0.7020239423,0
122,1,2023-01-01 20:20:00,480.8548455,103.0027716,3208.127171,1.11584161,0
123,1,2023-01-01 20:30:00,531.9452697,130.9942724,2872.49138,1.343389671,0
124,1,2023-01-01 20:40:00,548.7133563,138.4119035,3273.162204,1.108317796,0
125,1,2023-01-01 20:50:00,494.8426706,105.4667891,3136.192417,1.13528667,0
126,1,2023-01-01 21:00:00,,110.1888105,2810.019548,1.045050716,0
127,1,2023-01-01 21:10:00,415.1526254,91.82247653,3108.490483,0.824358795,0
128,1,2023-01-01 21:20:00,485.8808792,115.7419022,2928.507341,0.9464550348,0
129,1,2023-01-01 21:30:00,452.1387502,113.8725105,2704.995184,1.100679623,0
130,1,2023-01-01 21:40:00,453.8987293,109.5998287,3078.831782,1.109848971,0
131,1,2023-01-01 21:50:00,532.3299844,122.0811397,3382.280064,1.280813421,0
132,1,2023-01-01 22:00:00,433.2423463,105.4733469,3096.222368,1.011675052,0
133,1,2023-01-01 22:10:00,466.6677971,114.6318627,3069.293539,1.122287016,0
134,1,2023-01-01 22:20:00,464.8029554,126.8141401,2984.027144,1.032237253,0
135,1,2023-01-01 22:30:00,555.8689762,152.1499249,3063.841675,1.209447629,0
136,1,2023-01-01 22:40:00,502.1257886,124.9046523,2801.855196,0.9174087271,1
137,1,2023-01-01 22:50:00,,129.4969086,3040.863236,1.148348023,0
138,1,2023-01-01 23:00:00,463.9655052,122.9605223,2877.64363,1.174035893,0
139,1,2023-01-01 23:10:00,499.8756081,133.7371443,2963.036432,1.307468363,0
140,1,2023-01-01 23:20:00,387.0916901,107.9104305,2697.472336,0.7830790615,0
141,1,2023-01-01 23:30:00,473.1927545,107.9920183,3125.916121,1.034116805,0
142,1,2023-01-01 23:40:00,552.4802767,141.2772942,3181.557401,1.291076669,0
143,1,2023-01-01 23:50:00,476.1605642,104.5987221,3220.198872,1.096539589,0
144,2,2023-01-01 0:00:00,499.6948964,127.2156053,3136.829087,1.215674625,0
145,2,2023-01-01 0:10:00,429.7677567,103.9320001,2732.60674,0.9996148269,0
146,2,2023-01-01 0:20:00,504.4960055,127.8464252,3315.798019,1.070920702,1
147,2,2023-01-01 0:30:00,389.3030699,115.7629013,3414.277386,0.9279722792,0
148,2,2023-01-01 0:40:00,458.4653646,123.1363911,3066.558666,1.333564835,0
149,2,2023-01-01 0:50:00,476.9606303,111.34029,3184.368638,1.165219958,0
150,2,2023-01-01 1:00:00,550.5923847,130.0667967,3080.455344,1.296566176,0
151,2,2023-01-01 1:10:00,476.6136945,112.4479183,3144.672677,1.125744669,1
152,2,2023-01-01 1:20:00,509.3439477,130.8270889,3512.992239,1.230295473,0
153,2,2023-01-01 1:30:00,519.6420579,104.1582978,3198.30009,1.027724525,0
154,2,2023-01-01 1:40:00,440.1557681,97.29169558,2716.785636,0.9356860779,1
155,2,2023-01-01 1:50:00,541.617914,122.603589,3271.121908,1.00972725,0
156,2,2023-01-01 2:00:00,531.9529298,144.355993,3054.776047,1.543144453,0
157,2,2023-01-01 2:10:00,486.4553177,119.9731188,3156.284404,1.398916434,0
158,2,2023-01-01 2:20:00,516.207522,127.983427,2993.650448,1.13936514,1
159,2,2023-01-01 2:30:00,511.6431534,120.9802263,3144.102714,1.378632632,0
160,2,2023-01-01 2:40:00,470.7684719,114.5600217,2864.346378,1.074196033,1
161,2,2023-01-01 2:50:00,530.9398646,153.0486923,2821.370509,1.224188112,0
162,2,2023-01-01 3:00:00,518.326015,119.471337,3110.526517,1.241848955,1
163,2,2023-01-01 3:10:00,400.4448821,105.837069,3149.577028,1.094762262,0
164,2,2023-01-01 3:20:00,504.4973181,129.4262207,2720.990094,1.344358963,0
165,2,2023-01-01 3:30:00,471.1942431,130.0628244,3281.98574,1.216589412,0
166,2,2023-01-01 3:40:00,539.0332409,135.5977004,3396.062715,1.276588722,0
167,2,2023-01-01 3:50:00,526.814029,,2801.830404,1.322537477,0
168,2,2023-01-01 4:00:00,574.2321421,132.0870614,3256.945101,1.39706611,0
169,2,2023-01-01 4:10:00,552.3913234,129.6313612,3300.448922,1.177397203,0
170,2,2023-01-01 4:20:00,458.3768438,98.3175009,2920.992161,1.232821566,0
171,2,2023-01-01 4:30:00,511.0618721,119.842112,3472.67807,1.254937826,0
172,2,2023-01-01 4:40:00,491.0531101,111.3596847,2858.209996,1.302947159,0
173,2,2023-01-01 4:50:00,549.4296179,121.3680869,2911.438494,1.519715045,0
174,2,2023-01-01 5:00:00,451.0159344,95.22175245,2854.839023,1.275512568,0
175,2,2023-01-01 5:10:00,487.6500212,137.1176267,3247.423345,1.099687723,0
176,2,2023-01-01 5:20:00,427.4266783,107.8122861,3193.787515,1.184303333,0
177,2,2023-01-01 5:30:00,491.8861461,106.5009483,3094.133716,1.301672603,0
178,2,2023-01-01 5:40:00,556.8689864,150.4235768,3024.719979,1.485445183,0
179,2,2023-01-01 5:50:00,461.7847247,112.1541046,3193.941984,1.216241547,1
180,2,2023-01-01 6:00:00,465.1877846,105.8075328,3032.974606,1.267848481,0
181,2,2023-01-01 6:10:00,495.1899097,,3094.175764,1.199097277,0
182,2,2023-01-01 6:20:00,467.4334863,93.45842905,2868.145859,1.136304117,0
183,2,2023-01-01 6:30:00,578.7980917,132.4867274,2871.014684,1.578649253,0
184,2,2023-01-01 6:40:00,513.5982239,142.0850377,2830.664437,1.482293325,0
185,2,2023-01-01 6:50:00,503.0010283,116.2431317,2962.758637,1.228100786,0
186,2,2023-01-01 7:00:00,515.7069044,117.072134,3011.367263,1.028268379,0
187,2,2023-01-01 7:10:00,544.851309,131.669181,2722.472561,1.546259206,0
188,2,2023-01-01 7:20:00,455.6106935,111.2940405,2968.162449,1.146110712,0
189,2,2023-01-01 7:30:00,515.0114059,134.6708583,2705.724488,1.29100809,0
190,2,2023-01-01 7:40:00,,129.6242796,3335.402022,1.275016877,0
191,2,2023-01-01 7:50:00,514.3712501,143.2073372,2847.33866,1.374336237,0
192,2,2023-01-01 8:00:00,523.9117124,115.0191746,2717.130347,1.347090173,0
193,2,2023-01-01 8:10:00,,,3177.209535,1.526967314,0
194,2,2023-01-01 8:20:00,586.5085332,144.4401031,2941.064481,1.683012888,0
195,2,2023-01-01 8:30:00,530.2513784,107.0275103,3076.948179,1.368835922,0
196,2,2023-01-01 8:40:00,519.0170127,122.4461081,2904.085887,1.11393076,0
197,2,2023-01-01 8:50:00,497.9748082,126.8856532,2952.023274,1.358365977,0
198,2,2023-01-01 9:00:00,473.0540515,96.20100482,3369.716652,1.19653942,0
199,2,2023-01-01 9:10:00,479.9583703,123.8890742,3071.002423,1.275888654,1
200,2,2023-01-01 9:20:00,574.9482426,125.7885902,3108.925222,1.330231492,0
201,2,2023-01-01 9:30:00,489.8516742,115.2333202,2732.636403,1.019097791,0
202,2,2023-01-01 9:40:00,497.8914942,115.6425758,2971.719968,1.210722998,0
203,2,2023-01-01 9:50:00,433.4695693,118.9211981,2675.535969,1.253934927,0
204,2,2023-01-01 10:00:00,462.6160709,,2858.618754,0.9386982244,0
205,2,2023-01-01 10:10:00,441.888699,107.0402271,3140.274978,1.09906873,0
206,2,2023-01-01 10:20:00,529.714554,112.1811283,3170.618257,1.141911683,0
207,2,2023-01-01 10:30:00,528.1271824,123.5308051,2871.117228,1.158255537,0
208,2,2023-01-01 10:40:00,479.4659833,119.9132173,3139.937504,0.8850850535,0
209,2,2023-01-01 10:50:00,621.8387577,121.390822,3148.172774,1.440496156,0
210,2,2023-01-01 11:00:00,458.3009367,98.94907171,3324.302143,0.9792367567,0
211,2,2023-01-01 11:10:00,432.316522,93.9303446,3172.035606,0.9991255634,0
212,2,2023-01-01 11:20:00,532.6595754,136.1389093,2994.888732,1.31945527,0
213,2,2023-01-01 11:30:00,533.0275507,123.4423393,3038.888478,1.542438346,0
214,2,2023-01-01 11:40:00,494.7430635,108.659265,3342.991385,1.02801588,0
215,2,2023-01-01 11:50:00,467.4916403,117.5776432,3192.355589,1.382633156,0
216,2,2023-01-01 12:00:00,548.1070316,104.2042726,3102.092316,1.240590922,0
217,2,2023-01-01 12:10:00,480.8395082,135.4070909,2985.225612,1.036779473,0
218,2,2023-01-01 12:20:00,551.048446,127.2556865,3205.218052,1.068491265,0
219,2,2023-01-01 12:30:00,458.8044609,104.4181369,3310.927807,1.240885991,0
220,2,2023-01-01 12:40:00,,116.2239056,3103.510876,1.028546981,0
221,2,2023-01-01 12:50:00,535.4976994,,2771.995835,1.372706662,0
222,2,2023-01-01 13:00:00,563.5514879,127.5147351,3060.626726,1.217760749,0
223,2,2023-01-01 13:10:00,541.8569164,124.3343074,2640.890707,1.377605545,0
224,2,2023-01-01 13:20:00,466.9508421,121.0248351,3196.207033,1.232201547,0
225,2,2023-01-01 13:30:00,439.9540347,124.761172,2859.386735,0.9630610517,0
226,2,2023-01-01 13:40:00,489.6755881,113.4670078,3165.642429,1.09192656,0
227,2,2023-01-01 13:50:00,570.9857383,141.9911532,2869.87563,1.212848193,0
228,2,2023-01-01 14:00:00,514.6901521,126.5465851,2779.987275,1.316090324,0
229,2,2023-01-01 14:10:00,518.5225262,126.762398,3343.536399,1.169429389,1
230,2,2023-01-01 14:20:00,452.4092955,105.5403569,2834.313245,0.9258946437,1
231,2,2023-01-01 14:30:00,529.5185858,140.5883925,2868.436723,1.197666535,0
232,2,2023-01-01 14:40:00,443.2983719,109.3144587,3323.000251,1.011081798,0
233,2,2023-01-01 14:50:00,472.8335004,116.8187831,3301.509867,0.8469040734,0
234,2,2023-01-01 15:00:00,498.5012816,113.7679161,2934.091413,0.9426098598,0
235,2,2023-01-01 15:10:00,472.4078951,113.026652,2900.788161,1.049014725,0
236,2,2023-01-01 15:20:00,498.6022588,115.9353683,3101.599055,1.073017289,0
237,2,2023-01-01 15:30:00,487.8303427,131.166716,2654.768459,1.186015974,0
238,2,2023-01-01 15:40:00,431.7805307,90.76268987,2650.691401,1.036107636,0
239,2,2023-01-01 15:50:00,481.6485501,115.8642784,2825.506746,0.9830761959,0
240,2,2023-01-01 16:00:00,483.7140595,135.9928492,3036.972092,1.138818579,0
241,2,2023-01-01 16:10:00,494.4801482,109.1603628,3140.312471,1.052104008,0
242,2,2023-01-01 16:20:00,415.0954289,100.9127764,3233.318219,0.758055837,1
243,2,2023-01-01 16:30:00,525.296801,133.3790845,3195.004966,1.092726313,0
244,2,2023-01-01 16:40:00,528.2229962,121.2981021,2844.748871,1.167895182,0
245,2,2023-01-01 16:50:00,573.6294818,128.8182933,2609.445546,0.9632443972,0
246,2,2023-01-01 17:00:00,509.4132578,121.814216,2888.39309,1.0042844,0
247,2,2023-01-01 17:10:00,481.6218867,125.3885488,3203.49771,1.05410321,0
248,2,2023-01-01 17:20:00,456.2867722,124.4243159,3184.894428,1.125249527,0
249,2,2023-01-01 17:30:00,420.7211949,108.8416231,3224.437471,0.9496301355,0
250,2,2023-01-01 17:40:00,490.844569,118.376283,2638.426609,1.13174914,0
251,2,2023-01-01 17:50:00,525.4074304,116.2847922,2777.058469,1.158961784,0
252,2,2023-01-01 18:00:00,581.7416107,131.7374182,2813.449284,1.204578678,0
253,2,2023-01-01 18:10:00,421.9749723,110.1272694,2680.809871,0.9557261537,0
254,2,2023-01-01 18:20:00,473.7398794,135.1841694,2627.991345,1.150979352,0
255,2,2023-01-01 18:30:00,555.8289914,107.5945045,2928.448064,1.074047135,0
256,2,2023-01-01 18:40:00,443.0993933,122.8240747,3127.40384,1.213767097,0
257,2,2023-01-01 18:50:00,390.3869848,106.1904339,3226.52799,0.9035551434,0
258,2,2023-01-01 19:00:00,482.2448807,123.4108418,3135.050649,1.043079627,0
259,2,2023-01-01 19:10:00,540.1922867,117.6547487,3200.693065,1.206150127,0
260,2,2023-01-01 19:20:00,500.0151137,134.0029631,2764.328735,1.010079271,0
261,2,2023-01-01 19:30:00,541.2866769,134.0253407,3143.113961,1.045391193,0
262,2,2023-01-01 19:40:00,535.4657522,127.829916,2999.535283,0.9917832018,0
263,2,2023-01-01 19:50:00,538.0155082,125.2043925,2397.496311,0.9561635416,0
264,2,2023-01-01 20:00:00,577.7001333,120.1317165,3148.640075,1.1677824,0
265,2,2023-01-01 20:10:00,502.3310859,105.6635695,3035.50483,1.135941525,0
266,2,2023-01-01 20:20:00,536.6098816,130.8627054,2765.847386,1.326914327,0
267,2,2023-01-01 20:30:00,538.3469607,122.756378,2930.02944,0.9446104823,0
268,2,2023-01-01 20:40:00,560.3663709,121.5478626,2576.352745,1.14347374,0
269,2,2023-01-01 20:50:00,552.6983993,131.5028979,3090.498601,1.324880929,1
270,2,2023-01-01 21:00:00,507.0690475,132.5454625,2846.183175,1.125191316,0
271,2,2023-01-01 21:10:00,597.5922441,145.2007306,3348.447847,1.04758082,0
272,2,2023-01-01 21:20:00,513.222036,128.784191,3068.315138,1.382053589,0
273,2,2023-01-01 21:30:00,493.8887144,124.4253915,2884.079556,1.221437675,0
274,2,2023-01-01 21:40:00,495.9296235,110.9033353,3009.545672,1.122272731,1
275,2,2023-01-01 21:50:00,524.6217944,135.2767858,2968.579343,1.157582018,1
276,2,2023-01-01 22:00:00,517.7894535,113.4112906,3174.760487,1.16736475,0
277,2,2023-01-01 22:10:00,,115.2571679,3074.016449,0.9813047197,0
278,2,2023-01-01 22:20:00,439.253463,106.2320511,3328.008195,0.6481490217,0
279,2,2023-01-01 22:30:00,549.6951483,141.8586353,2742.742664,1.414379731,0
280,2,2023-01-01 22:40:00,603.630437,146.4296901,3410.64215,1.213003796,0
281,2,2023-01-01 22:50:00,546.7651722,124.1849628,3098.032815,0.9708864678,0
282,2,2023-01-01 23:00:00,481.896901,115.8477858,3303.931451,1.122321655,0
283,2,2023-01-01 23:10:00,490.4701323,103.2395657,3343.637229,1.072471731,0
284,2,2023-01-01 23:20:00,604.2447086,144.4999574,3080.954863,1.267503203,1
285,2,2023-01-01 23:30:00,480.3314638,127.905511,2958.367868,1.226453319,0
286,2,2023-01-01 23:40:00,367.6248845,113.1186322,3093.883058,1.043080414,0
287,2,2023-01-01 23:50:00,405.0673601,102.6690021,2900.029089,1.175730975,1
288,3,2023-01-01 0:00:00,539.5074695,137.9096223,3019.36866,1.190097716,0
289,3,2023-01-01 0:10:00,,127.5273109,2961.448841,1.297257462,0
290,3,2023-01-01 0:20:00,508.7661747,109.1132163,3305.685187,0.9892972006,0
291,3,2023-01-01 0:30:00,426.6102604,110.6552964,2975.466326,0.9809536988,0
292,3,2023-01-01 0:40:00,563.3497394,128.1008261,2967.838028,1.569398401,0
293,3,2023-01-01 0:50:00,511.4171379,109.0060942,2863.322257,1.027100408,0
294,3,2023-01-01 1:00:00,535.4324535,128.5267665,2801.969766,1.152246295,0
295,3,2023-01-01 1:10:00,580.1550443,138.0170938,2689.32695,1.35229585,0
296,3,2023-01-01 1:20:00,471.7675968,118.8176528,2827.492923,0.9792939132,0
297,3,2023-01-01 1:30:00,501.672312,113.9261137,2819.6124,1.10725044,0
298,3,2023-01-01 1:40:00,455.2195783,106.792956,3155.315541,1.086213824,0
299,3,2023-01-01 1:50:00,544.1491126,116.8554144,2793.00899,1.282108947,0
300,3,2023-01-01 2:00:00,521.2456326,141.6919584,2844.035548,1.250045167,0
301,3,2023-01-01 2:10:00,491.3086231,106.9666088,3376.449258,0.9064230232,0
302,3,2023-01-01 2:20:00,535.4812309,125.6141873,2887.899083,1.156665083,0
303,3,2023-01-01 2:30:00,527.7053841,130.9381972,3136.678079,1.286320426,0
304,3,2023-01-01 2:40:00,491.5395861,135.3755364,3002.864784,1.380426339,0
305,3,2023-01-01 2:50:00,552.4405476,144.7849356,2854.260154,1.292764104,0
306,3,2023-01-01 3:00:00,507.6577697,112.4054636,3152.842967,1.404214436,1
307,3,2023-01-01 3:10:00,419.4155165,86.63599535,3406.62494,0.7402537939,0
308,3,2023-01-01 3:20:00,444.6381036,107.1662196,3192.666776,0.9806931681,0
309,3,2023-01-01 3:30:00,553.5351462,121.7364058,2711.353053,1.304192461,0
310,3,2023-01-01 3:40:00,533.8379508,,3088.777073,1.198618636,0
311,3,2023-01-01 3:50:00,410.7552315,102.2663295,3020.976996,1.156448755,0
312,3,2023-01-01 4:00:00,518.5852765,137.0468526,2931.761858,0.9575040927,0
313,3,2023-01-01 4:10:00,577.6429762,128.0766617,2858.422326,1.265661895,0
314,3,2023-01-01 4:20:00,467.1605802,124.4840463,2826.462654,1.16277769,0
315,3,2023-01-01 4:30:00,554.8639702,114.7924637,2975.580019,1.340230775,0
316,3,2023-01-01 4:40:00,406.6044983,109.4968465,2819.895876,0.9978761451,0
317,3,2023-01-01 4:50:00,491.738644,94.68303443,3104.132487,1.271043998,0
318,3,2023-01-01 5:00:00,481.2403849,114.9029303,3109.264717,1.126374628,0
319,3,2023-01-01 5:10:00,521.0544842,124.5123901,3356.907869,1.331644696,0
320,3,2023-01-01 5:20:00,540.7035791,114.7444337,3322.289431,1.515701433,0
321,3,2023-01-01 5:30:00,537.431382,109.8449533,2880.400231,1.401973246,0
322,3,2023-01-01 5:40:00,467.8866925,120.1499621,3145.395434,1.284766321,0
323,3,2023-01-01 5:50:00,403.86699,108.6107543,2800.594686,1.125610613,0
324,3,2023-01-01 6:00:00,558.4073302,140.4082179,2998.317678,1.498995466,0
325,3,2023-01-01 6:10:00,518.3326154,108.3071565,2713.609414,1.314111724,0
326,3,2023-01-01 6:20:00,475.5328102,112.7340811,2938.50778,1.274133194,0
327,3,2023-01-01 6:30:00,388.7344085,101.0761554,3023.536828,0.9974938335,0
328,3,2023-01-01 6:40:00,,116.9779351,2986.568201,1.360616162,0
329,3,2023-01-01 6:50:00,461.124335,118.6774702,2680.722605,1.179348172,0
330,3,2023-01-01 7:00:00,484.5920314,108.1806048,3326.486193,1.306269021,0
331,3,2023-01-01 7:10:00,498.686037,120.9082346,3017.067416,1.295085665,0
332,3,2023-01-01 7:20:00,510.1199556,117.3424666,3057.945218,1.095120769,0
333,3,2023-01-01 7:30:00,531.6048494,131.8209451,3135.165879,1.416372338,0
334,3,2023-01-01 7:40:00,535.9193672,136.26493,3552.49222,1.179235361,1
335,3,2023-01-01 7:50:00,462.1213941,106.1860882,3065.087957,1.14961822,0
336,3,2023-01-01 8:00:00,558.740976,124.5753935,2958.155757,1.341956897,0
337,3,2023-01-01 8:10:00,502.8929785,,3362.559276,1.199230035,1
338,3,2023-01-01 8:20:00,356.8242727,90.26988396,3485.596319,0.98453759,0
339,3,2023-01-01 8:30:00,521.7135125,130.6392178,3020.339929,1.312336016,0
340,3,2023-01-01 8:40:00,568.9260337,144.405629,2988.655441,1.599089622,0
341,3,2023-01-01 8:50:00,482.254035,110.5727536,2608.545982,1.148857303,0
342,3,2023-01-01 9:00:00,462.069548,137.8024847,3004.843726,1.401226404,0
343,3,2023-01-01 9:10:00,512.0238206,146.0704071,3040.430345,1.341111038,0
344,3,2023-01-01 9:20:00,,125.3201857,2787.430756,1.074947109,0
345,3,2023-01-01 9:30:00,508.2103293,121.1836496,2776.176204,1.535527881,1
346,3,2023-01-01 9:40:00,503.5659495,125.6152935,3255.273268,1.300877319,0
347,3,2023-01-01 9:50:00,549.6115759,144.7166976,3297.991968,1.197633468,0
348,3,2023-01-01 10:00:00,499.502468,109.8300887,2990.091444,1.248720568,0
349,3,2023-01-01 10:10:00,571.6246768,142.7704939,2847.248974,0.9937146877,0
350,3,2023-01-01 10:20:00,525.4763266,121.7130185,3154.131944,1.323252918,0
351,3,2023-01-01 10:30:00,486.5577382,102.5909072,3233.526697,1.109698069,0
352,3,2023-01-01 10:40:00,423.023441,82.21284396,2615.461567,0.8917951634,1
353,3,2023-01-01 10:50:00,567.7575805,133.6263392,2835.669071,1.384692029,0
354,3,2023-01-01 11:00:00,527.9833798,114.2334546,2837.645394,1.256554018,1
355,3,2023-01-01 11:10:00,485.2526386,129.8221143,3170.106245,1.208529337,0
356,3,2023-01-01 11:20:00,500.647638,126.968747,3151.290964,1.016511944,0
357,3,2023-01-01 11:30:00,540.6256737,126.7014171,3035.35054,1.389123033,0
358,3,2023-01-01 11:40:00,564.7626897,124.0956165,3292.570457,1.084132214,0
359,3,2023-01-01 11:50:00,457.0266139,113.182465,3090.649198,1.101602489,0
360,3,2023-01-01 12:00:00,443.0917552,113.9178819,3147.687558,1.225117731,1
361,3,2023-01-01 12:10:00,545.6256936,149.7939581,2934.746475,1.321337292,0
362,3,2023-01-01 12:20:00,491.4798398,124.3894261,3286.416121,0.9503282414,0
363,3,2023-01-01 12:30:00,522.7649973,104.546894,3010.133012,1.317377608,0
364,3,2023-01-01 12:40:00,475.9454007,116.0883143,2951.177654,1.173494556,0
365,3,2023-01-01 12:50:00,419.8103701,109.4612964,3109.581547,0.7959788122,0
366,3,2023-01-01 13:00:00,461.1189636,112.2038709,2968.683426,0.8976441743,0
367,3,2023-01-01 13:10:00,368.3176395,85.11193153,3198.922572,0.952898265,0
368,3,2023-01-01 13:20:00,522.632182,128.3529891,3415.881746,1.02549285,0
369,3,2023-01-01 13:30:00,469.0266062,112.7813105,2688.592964,1.287547373,0
370,3,2023-01-01 13:40:00,507.7162791,128.9509525,2767.665443,1.201387246,0
371,3,2023-01-01 13:50:00,548.5069741,130.2390101,2909.199803,1.2304696,0
372,3,2023-01-01 14:00:00,471.7000244,117.0292576,2863.424205,0.9691892917,0
373,3,2023-01-01 14:10:00,525.9407772,119.7747226,3041.914254,0.888619775,1
374,3,2023-01-01 14:20:00,550.1098801,139.3900625,3092.008965,1.301853782,0
375,3,2023-01-01 14:30:00,,,2760.158826,0.8973681679,0
376,3,2023-01-01 14:40:00,576.5594737,148.5283375,2920.927723,1.298204332,1
377,3,2023-01-01 14:50:00,,119.325732,2841.807228,1.071320276,0
378,3,2023-01-01 15:00:00,502.2952495,103.8770309,2989.206751,0.9219875991,0
379,3,2023-01-01 15:10:00,575.9032739,128.9907241,2998.128807,1.172138409,0
380,3,2023-01-01 15:20:00,547.6793968,137.6220601,2852.748355,1.148602246,0
381,3,2023-01-01 15:30:00,446.8338741,114.3046698,2829.952889,1.027226948,0
382,3,2023-01-01 15:40:00,546.8460531,122.7171435,2717.193468,1.04373032,0
383,3,2023-01-01 15:50:00,,105.5007002,2714.992732,1.083106345,1
384,3,2023-01-01 16:00:00,445.7794822,101.5986763,2574.442874,0.8921848993,0
385,3,2023-01-01 16:10:00,399.9371033,111.2590306,3002.65699,0.9557472553,0
386,3,2023-01-01 16:20:00,565.5944505,139.4502078,3233.001788,1.2650437,1
387,3,2023-01-01 16:30:00,366.467815,90.8488513,3001.817158,0.9557889291,0
388,3,2023-01-01 16:40:00,407.3677655,93.09996705,2562.02655,0.6842334745,0
389,3,2023-01-01 16:50:00,519.9405029,116.7225221,2605.575006,0.8778034622,0
390,3,2023-01-01 17:00:00,504.9818363,125.4775942,3115.04965,1.11019323,0
391,3,2023-01-01 17:10:00,431.5648231,99.61510715,2934.282543,0.9680671401,1
392,3,2023-01-01 17:20:00,495.3943263,117.8200543,2958.990789,1.068842856,1
393,3,2023-01-01 17:30:00,514.6654967,112.6359615,3303.584335,1.072018757,0
394,3,2023-01-01 17:40:00,360.2423716,75.25063031,3080.359243,0.7412254252,0
395,3,2023-01-01 17:50:00,471.6544542,122.6685454,3112.979976,0.8691977365,0
396,3,2023-01-01 18:00:00,508.7479204,117.4088156,2815.857107,0.8945731696,0
397,3,2023-01-01 18:10:00,515.6592228,122.308566,2896.552244,0.903300883,0
398,3,2023-01-01 18:20:00,481.0890841,112.729085,3066.829454,0.8762101448,1
399,3,2023-01-01 18:30:00,497.3966602,112.7530498,3081.687045,1.037003831,0
400,3,2023-01-01 18:40:00,505.6023527,121.9738396,2927.721156,0.9582035338,0
401,3,2023-01-01 18:50:00,517.473295,129.1097775,2868.756844,1.341908137,0
402,3,2023-01-01 19:00:00,,107.7382711,3056.020689,0.8909015944,1
403,3,2023-01-01 19:10:00,497.512534,116.9411256,2715.279549,0.8837262776,0
404,3,2023-01-01 19:20:00,529.705079,112.5564241,2860.020934,1.138510941,0
405,3,2023-01-01 19:30:00,543.838526,129.3726057,3157.495894,1.109902932,0
406,3,2023-01-01 19:40:00,504.3116052,137.9573028,3166.722058,1.356489836,0
407,3,2023-01-01 19:50:00,501.3489671,120.1972012,2628.630898,1.077277774,0
408,3,2023-01-01 20:00:00,447.0741201,,2570.315652,0.7809538717,0
409,3,2023-01-01 20:10:00,556.065926,152.1215466,3245.401581,1.348870519,0
410,3,2023-01-01 20:20:00,492.6711745,105.0785377,2810.373724,1.051078378,0
411,3,2023-01-01 20:30:00,420.739239,107.2472075,3256.764566,0.6851464865,0
412,3,2023-01-01 20:40:00,515.5346729,101.7382713,3057.641988,0.8769732614,0
413,3,2023-01-01 20:50:00,469.9360593,114.4609376,2911.539794,1.128946096,1
414,3,2023-01-01 21:00:00,581.7779874,162.1529936,2860.047706,1.237638929,0
415,3,2023-01-01 21:10:00,586.5702058,134.6186528,3315.899537,1.042420808,0
416,3,2023-01-01 21:20:00,584.0415442,127.9898782,2962.626774,1.017888155,0
417,3,2023-01-01 21:30:00,543.4141876,140.3829754,2770.200473,1.234625001,0
418,3,2023-01-01 21:40:00,438.5063479,99.12492059,3115.441651,0.8974646424,0
419,3,2023-01-01 21:50:00,422.137598,116.1357614,3249.038165,0.9132103103,0
420,3,2023-01-01 22:00:00,592.9393382,144.329605,2878.557959,1.193937736,1
421,3,2023-01-01 22:10:00,493.6257919,118.4138195,3183.888579,1.237537284,0
422,3,2023-01-01 22:20:00,504.6116517,111.9798528,3301.672666,1.099023996,1
423,3,2023-01-01 22:30:00,513.522492,116.0104014,2926.892651,0.8919504144,0
424,3,2023-01-01 22:40:00,555.1722689,136.8571326,2680.530604,1.317614586,0
425,3,2023-01-01 22:50:00,456.4400747,101.4239013,2609.072919,0.8728577096,0
426,3,2023-01-01 23:00:00,506.1202082,99.45122832,2767.903573,1.218860189,0
427,3,2023-01-01 23:10:00,592.8133332,141.5962802,2789.358444,1.228231241,0
428,3,2023-01-01 23:20:00,542.4778363,,3208.715941,1.05707925,0
429,3,2023-01-01 23:30:00,502.5712464,,3139.096806,1.246257833,0
430,3,2023-01-01 23:40:00,484.7873541,122.4987748,2812.522452,1.084831958,0
431,3,2023-01-01 23:50:00,465.7162994,113.8917994,2961.65456,1.069090803,0
432,4,2023-01-01 0:00:00,532.214403,142.0094703,2997.513999,1.205384593,0
433,4,2023-01-01 0:10:00,484.5028069,125.2331668,2743.291013,1.173599252,0
434,4,2023-01-01 0:20:00,438.2063067,109.3808201,2933.039432,1.039460972,0
435,4,2023-01-01 0:30:00,463.8539095,106.0357993,2910.226312,0.9620274448,0
436,4,2023-01-01 0:40:00,515.922886,118.0234338,3049.904655,1.354923996,1
437,4,2023-01-01 0:50:00,435.7457581,100.6033636,2693.030705,0.8518545382,1
438,4,2023-01-01 1:00:00,396.5359162,124.5811827,3030.117029,1.279648588,0
439,4,2023-01-01 1:10:00,608.5880161,140.5447307,3454.25361,1.502455347,0
440,4,2023-01-01 1:20:00,541.6649072,124.1893714,2673.036539,1.076104515,0
441,4,2023-01-01 1:30:00,418.1995276,101.4154711,2828.847133,0.8247592321,0
442,4,2023-01-01 1:40:00,526.3085626,139.7666768,2654.652146,1.331453282,0
443,4,2023-01-01 1:50:00,594.3252096,136.5172743,2724.183712,1.322032595,0
444,4,2023-01-01 2:00:00,500.5974967,99.00743504,3294.246461,1.170317304,0
445,4,2023-01-01 2:10:00,403.8992387,103.1655026,2969.61132,1.171333549,0
446,4,2023-01-01 2:20:00,530.9084757,,2897.393203,1.14111167,0
447,4,2023-01-01 2:30:00,539.75294,124.0694214,3138.388726,1.293372949,0
448,4,2023-01-01 2:40:00,560.0919727,126.7958886,3176.489332,1.466779612,0
449,4,2023-01-01 2:50:00,541.2928141,149.0339448,2812.618624,1.32040873,0
450,4,2023-01-01 3:00:00,537.7656945,134.197468,3085.847957,1.11549744,0
451,4,2023-01-01 3:10:00,543.2414421,118.0421694,3413.01038,1.225084012,1
452,4,2023-01-01 3:20:00,482.9888519,112.2422794,2963.83167,1.045058461,0
453,4,2023-01-01 3:30:00,,116.0915857,3021.342854,1.045743662,0
454,4,2023-01-01 3:40:00,560.8195217,146.8559416,3028.547439,1.504897127,1
455,4,2023-01-01 3:50:00,472.5426522,120.1369762,3067.99064,1.153480666,0
456,4,2023-01-01 4:00:00,492.3850219,105.0930975,2975.71398,1.39217796,0
457,4,2023-01-01 4:10:00,510.9168278,138.2890302,3127.436793,1.371651203,0
458,4,2023-01-01 4:20:00,392.8777572,79.92082548,2893.854843,0.7137446007,0
459,4,2023-01-01 4:30:00,527.5656958,114.2749462,2745.541814,1.292851801,0
460,4,2023-01-01 4:40:00,452.112767,100.048594,2962.833932,1.158753177,0
461,4,2023-01-01 4:50:00,429.8558455,103.7777557,2944.39127,1.322470382,1
462,4,2023-01-01 5:00:00,411.3125758,110.7671337,2681.28424,1.24331434,0
463,4,2023-01-01 5:10:00,508.0597335,124.0897703,2659.015671,1.083611659,0
464,4,2023-01-01 5:20:00,468.9796095,108.6630706,2592.415711,1.338731524,0
465,4,2023-01-01 5:30:00,451.5585279,,2938.833807,1.255583372,0
466,4,2023-01-01 5:40:00,493.3674787,120.4533235,2863.605184,1.334667996,0
467,4,2023-01-01 5:50:00,444.6418161,,2983.839147,1.275317715,0
468,4,2023-01-01 6:00:00,545.5567451,138.4316424,2878.804236,1.456450594,0
469,4,2023-01-01 6:10:00,513.7029147,124.3234046,2956.752327,1.293181297,1
470,4,2023-01-01 6:20:00,521.5396647,111.906458,3109.243432,1.051989108,0
471,4,2023-01-01 6:30:00,505.3508887,117.6921862,2671.546351,0.9139598758,0
472,4,2023-01-01 6:40:00,519.8735232,129.4711253,3049.302194,1.466710995,0
473,4,2023-01-01 6:50:00,514.7202017,129.4935358,2725.285765,1.441480349,0
474,4,2023-01-01 7:00:00,,,2751.231411,1.533159385,0
475,4,2023-01-01 7:10:00,535.8780493,118.827253,2824.883436,1.255102227,0
476,4,2023-01-01 7:20:00,459.0602309,107.5476137,3395.221473,1.140391503,0
477,4,2023-01-01 7:30:00,500.1597525,118.4510276,3038.593288,1.427232655,0
478,4,2023-01-01 7:40:00,502.2482722,111.8657079,2680.060205,1.365909191,0
479,4,2023-01-01 7:50:00,526.8828846,133.1539933,3193.331342,1.689588832,0
480,4,2023-01-01 8:00:00,461.1772027,109.9198888,2842.056428,1.32412476,1
481,4,2023-01-01 8:10:00,471.5814255,108.2548307,2852.937226,1.240442029,0
482,4,2023-01-01 8:20:00,494.7869869,,3042.505399,1.23974407,0
483,4,2023-01-01 8:30:00,450.359048,112.8969256,3063.00663,1.003146606,0
484,4,2023-01-01 8:40:00,544.5604445,136.4978523,2903.559889,1.555837068,0
485,4,2023-01-01 8:50:00,524.1461397,135.2134636,3303.099561,1.554835179,0
486,4,2023-01-01 9:00:00,444.3688612,95.27587081,3071.546595,1.252376451,0
487,4,2023-01-01 9:10:00,459.398541,107.454281,3044.867227,1.19013723,0
488,4,2023-01-01 9:20:00,516.2112235,127.1591612,3340.689955,1.27588839,0
489,4,2023-01-01 9:30:00,,138.3306323,3097.88957,1.587311,0
490,4,2023-01-01 9:40:00,490.6647632,125.7281564,3140.153595,1.224521731,0
491,4,2023-01-01 9:50:00,457.1115936,93.72366119,3287.332752,0.9364379932,0
492,4,2023-01-01 10:00:00,433.5247069,109.6518055,2814.187054,1.13495984,0
493,4,2023-01-01 10:10:00,575.4587705,135.3575434,3074.102884,1.127860821,0
494,4,2023-01-01 10:20:00,485.1979954,127.6966564,2905.604117,1.239363362,0
495,4,2023-01-01 10:30:00,529.086538,122.5146308,3074.198713,1.277288243,0
496,4,2023-01-01 10:40:00,456.8664213,109.929897,2926.931253,0.9769077587,0
497,4,2023-01-01 10:50:00,491.2209099,117.0275774,3005.467348,1.123560052,0
498,4,2023-01-01 11:00:00,452.9441228,95.41585958,2946.833702,0.9257066528,0
499,4,2023-01-01 11:10:00,518.9396288,129.2392658,2871.906208,1.184104004,0
500,4,2023-01-01 11:20:00,475.7004406,92.87299016,3170.860562,0.9436195047,0
501,4,2023-01-01 11:30:00,477.6587436,127.3287245,3340.852197,1.293985017,0
502,4,2023-01-01 11:40:00,430.630125,116.9325832,2813.479808,1.301802105,0
503,4,2023-01-01 11:50:00,518.8101866,133.8419312,2926.165315,1.505228824,1
504,4,2023-01-01 12:00:00,463.0393279,144.8597547,2937.01604,1.179638871,1
505,4,2023-01-01 12:10:00,459.2070333,110.6123232,2575.051454,1.240528647,0
506,4,2023-01-01 12:20:00,454.0651236,110.4525823,3093.271763,1.122644643,0
507,4,2023-01-01 12:30:00,532.4646087,128.3213803,3046.318953,1.063999571,1
508,4,2023-01-01 12:40:00,570.3373864,136.2932612,2954.162056,1.30866113,0
509,4,2023-01-01 12:50:00,480.2013749,110.5557557,2857.494088,1.074526253,0
510,4,2023-01-01 13:00:00,573.2378176,134.7684868,3012.700349,1.189506492,0
511,4,2023-01-01 13:10:00,473.1813131,103.971221,2931.942067,1.023378568,0
512,4,2023-01-01 13:20:00,519.7147446,113.812837,2870.925528,1.116065612,0
513,4,2023-01-01 13:30:00,538.1136207,118.232553,3139.875685,1.002060468,0
514,4,2023-01-01 13:40:00,440.6251811,114.0541832,2697.467302,1.284131577,0
515,4,2023-01-01 13:50:00,435.7793529,,2795.571231,1.014176483,0
516,4,2023-01-01 14:00:00,529.7331066,116.3020947,3210.023745,1.119458476,0
517,4,2023-01-01 14:10:00,464.8344823,107.1225543,3536.655851,0.8441485892,0
518,4,2023-01-01 14:20:00,418.2236779,100.3605958,2874.395695,0.9478627659,0
519,4,2023-01-01 14:30:00,482.3783472,122.1172684,2846.17394,1.050501559,0
520,4,2023-01-01 14:40:00,486.7891208,117.9336627,3230.724661,1.241864024,0
521,4,2023-01-01 14:50:00,463.7459114,99.60952448,3034.586527,0.8652911114,0
522,4,2023-01-01 15:00:00,,134.2604579,3328.507654,1.242978716,1
523,4,2023-01-01 15:10:00,537.8756809,121.2894956,2781.753524,1.05803252,0
524,4,2023-01-01 15:20:00,544.5227983,127.6451053,2718.798153,1.291183229,0
525,4,2023-01-01 15:30:00,532.1435537,134.6147908,2713.231497,1.123722813,1
526,4,2023-01-01 15:40:00,529.5708386,139.115191,3092.635068,1.085723505,0
527,4,2023-01-01 15:50:00,528.908028,139.749656,2383.522298,1.29088523,0
528,4,2023-01-01 16:00:00,478.4848544,117.7146503,3044.971631,1.022851915,0
529,4,2023-01-01 16:10:00,481.6875699,117.5659266,3196.230644,1.0371999,0
530,4,2023-01-01 16:20:00,508.0292497,137.1868387,2872.110809,1.472938408,0
531,4,2023-01-01 16:30:00,506.0640407,,2661.548983,1.086912597,0
532,4,2023-01-01 16:40:00,573.772682,147.1811514,3031.374458,1.147364551,1
533,4,2023-01-01 16:50:00,471.0691068,105.4102337,3162.311123,0.9759183551,0
534,4,2023-01-01 17:00:00,521.5860914,132.6581953,2962.896274,0.8991829056,0
535,4,2023-01-01 17:10:00,478.5958688,133.9759742,3048.002332,0.9916289547,0
536,4,2023-01-01 17:20:00,489.1105739,130.4157045,2834.694815,1.187358641,0
537,4,2023-01-01 17:30:00,478.6174536,97.39052826,3210.061807,0.796912735,1
538,4,2023-01-01 17:40:00,488.5873357,121.5760385,2904.355637,1.056771225,1
539,4,2023-01-01 17:50:00,556.6959823,129.1310685,2989.204487,1.178699065,0
540,4,2023-01-01 18:00:00,465.0937593,111.2717092,2835.925525,1.144186508,0
541,4,2023-01-01 18:10:00,489.6835566,113.6700134,3323.10613,0.9948962049,0
542,4,2023-01-01 18:20:00,464.7383371,115.7588121,2706.662674,0.8818623494,0
543,4,2023-01-01 18:30:00,662.7238096,167.8938471,3171.529391,1.27610724,0
544,4,2023-01-01 18:40:00,516.0351732,111.4470014,3172.395972,1.024826393,0
545,4,2023-01-01 18:50:00,476.2568328,107.4767073,2953.252014,0.9553697382,0
546,4,2023-01-01 19:00:00,486.0407577,125.9372921,2926.504682,1.000773916,1
547,4,2023-01-01 19:10:00,465.3375584,112.9797385,3111.161145,1.29677777,1
548,4,2023-01-01 19:20:00,503.1354325,126.8782062,2958.597797,1.118920753,0
549,4,2023-01-01 19:30:00,454.7114747,110.1464285,2942.665863,0.9051035839,0
550,4,2023-01-01 19:40:00,534.0158813,130.8041078,2802.000532,0.9567239428,0
551,4,2023-01-01 19:50:00,523.4028355,104.6360393,3078.546055,1.129013498,0
552,4,2023-01-01 20:00:00,610.2954002,150.0377136,2801.97226,1.052499826,0
553,4,2023-01-01 20:10:00,477.4464812,108.9372959,3105.803251,0.8896403294,0
554,4,2023-01-01 20:20:00,496.0002854,124.999644,3070.159603,1.112029131,0
555,4,2023-01-01 20:30:00,481.6271774,118.0331456,2883.914024,1.235100797,0
556,4,2023-01-01 20:40:00,537.519785,120.3329428,2980.090527,1.09777104,0
557,4,2023-01-01 20:50:00,532.2621464,131.9410373,3199.390923,0.9198094323,0
558,4,2023-01-01 21:00:00,501.8144368,133.6324455,2895.173913,0.920800275,0
559,4,2023-01-01 21:10:00,511.9457728,118.1297098,2874.433595,1.02657218,0
560,4,2023-01-01 21:20:00,406.5205933,114.4175645,2848.588646,0.7298284792,0
561,4,2023-01-01 21:30:00,,114.1808123,3260.351384,0.9282592481,0
562,4,2023-01-01 21:40:00,546.6204136,114.4694988,3119.809602,0.9651775885,0
563,4,2023-01-01 21:50:00,461.9278141,107.7682843,2664.716718,1.346509499,0
564,4,2023-01-01 22:00:00,476.237029,121.243758,2890.896802,0.7436509291,0
565,4,2023-01-01 22:10:00,576.0987234,140.7295029,3332.095187,1.223725114,0
566,4,2023-01-01 22:20:00,503.8802736,125.5709408,2914.036133,1.002889858,0
567,4,2023-01-01 22:30:00,513.4859054,125.9566346,3285.409546,1.08034073,0
568,4,2023-01-01 22:40:00,407.8899629,113.1634234,3039.053893,0.9519013741,0
569,4,2023-01-01 22:50:00,579.8478783,146.6658447,3058.901108,1.285639351,0
570,4,2023-01-01 23:00:00,506.8113506,112.5017848,2828.555331,0.9825270951,0
571,4,2023-01-01 23:10:00,475.3321357,99.66272689,2863.612499,0.8883220664,0
572,4,2023-01-01 23:20:00,467.9385848,101.2871669,3409.860446,0.9948304482,0
573,4,2023-01-01 23:30:00,495.3575039,115.6284016,3167.715349,1.236340751,0
574,4,2023-01-01 23:40:00,530.3871202,127.6605686,2966.92312,1.237531097,1
575,4,2023-01-01 23:50:00,501.5979315,116.6879141,3141.216199,1.328986101,0
576,5,2023-01-01 0:00:00,547.591051,115.9698558,2946.556432,1.148610646,0
577,5,2023-01-01 0:10:00,491.403044,109.9373703,2905.133233,1.316510045,0
578,5,2023-01-01 0:20:00,,99.50947795,3245.968117,1.00768337,0
579,5,2023-01-01 0:30:00,563.2188688,125.0149381,2922.667382,1.315431364,0
580,5,2023-01-01 0:40:00,462.9783392,117.8543985,2880.700059,1.219781282,0
581,5,2023-01-01 0:50:00,469.5030369,108.8734071,3101.168349,1.144888523,0
582,5,2023-01-01 1:00:00,465.0564263,131.3043303,3172.061268,1.192284704,0
583,5,2023-01-01 1:10:00,511.1583746,124.5135269,3099.37683,1.180499723,0
584,5,2023-01-01 1:20:00,470.6578787,127.0062293,2940.820918,1.156929067,0
585,5,2023-01-01 1:30:00,520.9733155,119.9756755,2903.338931,1.325874173,0
586,5,2023-01-01 1:40:00,528.1757059,134.3278756,2951.989272,1.293733172,0
587,5,2023-01-01 1:50:00,485.1106775,118.2446795,3149.38764,1.179915936,0
588,5,2023-01-01 2:00:00,482.0732145,112.2827728,3396.614205,1.185374696,0
589,5,2023-01-01 2:10:00,505.7466898,109.7798589,3157.849632,1.264991439,0
590,5,2023-01-01 2:20:00,503.4371158,116.7992461,2917.768488,1.17723406,1
591,5,2023-01-01 2:30:00,509.3296837,125.1105191,3006.950311,1.143671399,0
592,5,2023-01-01 2:40:00,427.9667691,92.54523149,3165.955393,1.338417879,0
593,5,2023-01-01 2:50:00,449.5384668,98.75935694,3055.270773,1.029180181,0
594,5,2023-01-01 3:00:00,484.3932338,126.0753376,3196.113847,1.310057109,0
595,5,2023-01-01 3:10:00,470.9471027,126.7271994,3027.526835,1.313457757,0
596,5,2023-01-01 3:20:00,358.080368,83.79897184,3308.315414,0.8772082883,0
597,5,2023-01-01 3:30:00,534.486005,125.2028842,3180.220497,1.181489401,1
598,5,2023-01-01 3:40:00,521.4851613,144.8387334,2993.127416,1.329195422,0
599,5,2023-01-01 3:50:00,479.4011488,116.8230397,3081.495533,1.337548188,0
600,5,2023-01-01 4:00:00,534.3943753,131.260542,3159.000227,1.459596388,0
601,5,2023-01-01 4:10:00,573.700245,120.281405,3443.673374,1.44682376,0
602,5,2023-01-01 4:20:00,592.3093836,136.5489109,3333.056736,1.54655115,0
603,5,2023-01-01 4:30:00,558.8915394,133.5784538,2821.795806,1.390995448,0
604,5,2023-01-01 4:40:00,394.2755781,108.8890952,3205.761893,1.054848456,0
605,5,2023-01-01 4:50:00,431.0550235,104.1442229,3007.341104,1.263706615,0
606,5,2023-01-01 5:00:00,543.6525216,147.6017918,3032.260725,1.492029022,0
607,5,2023-01-01 5:10:00,555.0641342,120.0943853,2962.797502,1.312793862,0
608,5,2023-01-01 5:20:00,,137.9291746,3112.458602,1.15795716,0
609,5,2023-01-01 5:30:00,437.0134667,111.354244,2832.681879,1.030944319,1
610,5,2023-01-01 5:40:00,491.5426883,128.6748331,2807.945777,1.337763477,1
611,5,2023-01-01 5:50:00,526.1283702,131.3152394,2802.389746,1.711549665,0
612,5,2023-01-01 6:00:00,513.2919729,106.7984038,2873.269031,1.41346156,0
613,5,2023-01-01 6:10:00,,123.1913439,2963.787253,1.319960404,0
614,5,2023-01-01 6:20:00,470.8125854,107.6584254,2843.304251,1.183107541,0
615,5,2023-01-01 6:30:00,536.1190881,114.7425791,3028.598416,1.377466011,1
616,5,2023-01-01 6:40:00,,128.320813,2844.244096,1.528678425,0
617,5,2023-01-01 6:50:00,549.8905276,126.8068213,2769.710872,1.515951932,0
618,5,2023-01-01 7:00:00,467.1931541,119.2961707,3273.973037,1.334433745,0
619,5,2023-01-01 7:10:00,466.5013441,113.0270586,2637.670956,1.293301923,0
620,5,2023-01-01 7:20:00,426.1084667,107.2807546,2821.922897,1.277066,0
621,5,2023-01-01 7:30:00,456.5434081,107.5650332,3121.223515,1.344019176,0
622,5,2023-01-01 7:40:00,492.1670225,123.1722352,2903.247836,1.207415787,0
623,5,2023-01-01 7:50:00,494.9730487,110.9666519,3138.616485,1.490137973,0
624,5,2023-01-01 8:00:00,567.3676464,120.1857359,2977.294391,1.705697988,0
625,5,2023-01-01 8:10:00,501.9276384,,2675.689314,1.185182681,0
626,5,2023-01-01 8:20:00,572.4784105,132.8168482,3067.155771,1.450369697,0
627,5,2023-01-01 8:30:00,522.518766,99.2501462,2753.982093,1.360592025,0
628,5,2023-01-01 8:40:00,514.8660073,101.104648,3001.969669,1.20341799,0
629,5,2023-01-01 8:50:00,,128.2719654,2732.603101,1.070345445,0
630,5,2023-01-01 9:00:00,467.9294781,109.9944946,2777.073579,1.170218788,0
631,5,2023-01-01 9:10:00,,112.1445109,2848.497789,1.192252539,0
632,5,2023-01-01 9:20:00,522.2415375,126.9265646,2915.500437,1.766236096,0
633,5,2023-01-01 9:30:00,481.910738,123.0975726,3202.130634,1.299277751,0
634,5,2023-01-01 9:40:00,529.3806029,131.5385772,3162.826675,1.216878776,0
635,5,2023-01-01 9:50:00,526.8588357,117.0887164,2956.756072,1.049010349,0
636,5,2023-01-01 10:00:00,590.0199239,154.4080121,2952.561068,1.607196073,0
637,5,2023-01-01 10:10:00,483.6206184,135.4075236,3041.198843,1.082261406,0
638,5,2023-01-01 10:20:00,487.8211532,104.3597422,2808.943309,1.296682584,1
639,5,2023-01-01 10:30:00,530.291772,121.6372753,2803.982889,1.217055437,0
640,5,2023-01-01 10:40:00,621.6707484,161.4595441,2951.071313,1.424677993,1
641,5,2023-01-01 10:50:00,492.6201064,106.1048609,2993.873696,1.101496647,0
642,5,2023-01-01 11:00:00,602.9976879,150.1870005,3091.676963,1.578000686,0
643,5,2023-01-01 11:10:00,520.2246134,143.3426011,2935.013099,1.294149328,0
644,5,2023-01-01 11:20:00,523.2249682,122.8185309,3029.628016,1.208742121,0
645,5,2023-01-01 11:30:00,513.8555934,142.8051163,3001.0639,1.211606073,0
646,5,2023-01-01 11:40:00,565.3411344,131.5821853,3093.279132,1.480232613,0
647,5,2023-01-01 11:50:00,517.7143295,122.6216802,3514.620924,1.331442253,0
648,5,2023-01-01 12:00:00,495.6594331,131.036634,3121.023974,1.310225418,1
649,5,2023-01-01 12:10:00,480.9574382,115.7353011,2540.952861,1.321386522,0
650,5,2023-01-01 12:20:00,,125.860358,3208.072959,1.046736911,0
651,5,2023-01-01 12:30:00,589.2872562,140.4461395,2863.678686,0.9410261015,0
652,5,2023-01-01 12:40:00,525.0785618,131.8410996,2992.989746,1.24947411,0
653,5,2023-01-01 12:50:00,539.2028208,129.6269888,3067.802203,1.260983013,0
654,5,2023-01-01 13:00:00,522.5584189,121.6105697,3288.542911,1.295754142,1
655,5,2023-01-01 13:10:00,553.8904187,127.0124164,2937.183478,1.165385407,0
656,5,2023-01-01 13:20:00,460.2782558,105.321834,2649.492632,1.146770101,0
657,5,2023-01-01 13:30:00,494.7556289,123.4911568,2725.218183,1.270936007,0
658,5,2023-01-01 13:40:00,569.0125502,156.3657635,2734.30252,1.344685128,0
659,5,2023-01-01 13:50:00,463.4443061,115.8926299,2888.06891,0.9924439437,0
660,5,2023-01-01 14:00:00,551.717771,123.1052046,2968.654161,1.200280546,1
661,5,2023-01-01 14:10:00,491.2526542,113.3072582,2958.138361,1.052121003,0
662,5,2023-01-01 14:20:00,471.3599167,124.7251518,2743.229264,1.269068334,1
663,5,2023-01-01 14:30:00,516.9681476,129.244726,2961.574562,1.114299248,0
664,5,2023-01-01 14:40:00,559.5619663,131.0000376,3142.006599,1.175685648,0
665,5,2023-01-01 14:50:00,502.6782883,124.3337334,3286.599489,1.172410594,0
666,5,2023-01-01 15:00:00,554.1774727,113.1149647,3151.26634,1.011315439,0
667,5,2023-01-01 15:10:00,531.6209533,119.962731,3364.794588,1.050407672,0
668,5,2023-01-01 15:20:00,436.1795539,109.7974245,3242.231317,1.015392849,0
669,5,2023-01-01 15:30:00,498.9403539,103.6479732,3491.825417,0.9317854284,0
670,5,2023-01-01 15:40:00,567.1486446,140.4477931,3090.983249,1.201092737,0
671,5,2023-01-01 15:50:00,439.6814712,100.2007335,2838.093755,0.9099566588,0
672,5,2023-01-01 16:00:00,399.6429018,91.55083738,3055.009019,0.6548186874,0
673,5,2023-01-01 16:10:00,539.751807,119.432872,3256.940801,0.9662814474,0
674,5,2023-01-01 16:20:00,511.2743981,125.7319482,2822.524727,1.063958994,0
675,5,2023-01-01 16:30:00,530.9372484,132.9304527,2774.80059,1.009335582,1
676,5,2023-01-01 16:40:00,505.0301325,129.8827938,2645.189261,0.9037504652,0
677,5,2023-01-01 16:50:00,404.4775388,101.7570464,3285.224637,0.9359216526,0
678,5,2023-01-01 17:00:00,493.4520736,120.4295419,3079.169692,0.8820894788,0
679,5,2023-01-01 17:10:00,445.2032572,103.177927,2403.425265,0.8654481823,0
680,5,2023-01-01 17:20:00,470.0308353,99.74647306,2789.721395,1.006379745,0
681,5,2023-01-01 17:30:00,415.8181072,93.40249971,3229.847562,0.8633256036,0
682,5,2023-01-01 17:40:00,,125.1188891,3202.340266,1.123274264,0
683,5,2023-01-01 17:50:00,388.06685,99.05767749,3062.656961,0.9375806507,0
684,5,2023-01-01 18:00:00,525.1319939,129.0995723,2780.405479,0.9982931063,0
685,5,2023-01-01 18:10:00,492.5823665,118.4000876,2409.300329,1.179807974,0
686,5,2023-01-01 18:20:00,459.0708859,96.36435908,3059.103531,1.021489679,0
687,5,2023-01-01 18:30:00,483.2048467,129.9669249,2781.27191,1.224761652,1
688,5,2023-01-01 18:40:00,537.867377,117.5988437,3055.210194,1.090965204,0
689,5,2023-01-01 18:50:00,538.1279669,124.9206935,3083.667851,1.140834621,0
690,5,2023-01-01 19:00:00,467.5391773,109.619707,3340.729137,0.7925032729,1
691,5,2023-01-01 19:10:00,,117.069655,3051.967031,0.9534035994,1
692,5,2023-01-01 19:20:00,469.615266,108.5192293,3084.504654,1.066434218,0
693,5,2023-01-01 19:30:00,487.6536423,114.4158306,3041.233395,0.8259759567,1
694,5,2023-01-01 19:40:00,634.8324852,154.0020159,3240.412844,1.216179606,0
695,5,2023-01-01 19:50:00,446.1003702,114.9646788,3085.817254,0.8982116141,0
696,5,2023-01-01 20:00:00,470.61044,104.0877218,3212.642663,0.8312028781,0
697,5,2023-01-01 20:10:00,522.5691429,130.874744,3120.392571,1.06095981,0
698,5,2023-01-01 20:20:00,544.4298169,,3101.095838,1.240909919,0
699,5,2023-01-01 20:30:00,511.0928398,121.4572501,3246.417977,1.174549491,1
700,5,2023-01-01 20:40:00,574.2983421,127.910256,2670.621204,1.185095112,0
701,5,2023-01-01 20:50:00,377.2972516,92.90084788,2933.026563,0.8288837285,0
702,5,2023-01-01 21:00:00,505.2529774,117.9383845,2855.410729,0.9665723672,1
703,5,2023-01-01 21:10:00,,130.2572103,2980.336924,1.150864581,0
704,5,2023-01-01 21:20:00,492.6632446,116.7649249,2835.273714,1.052605076,0
705,5,2023-01-01 21:30:00,429.1124328,102.5061585,2870.567452,0.7624957141,0
706,5,2023-01-01 21:40:00,470.1168155,89.88210177,2978.576234,1.050413005,0
707,5,2023-01-01 21:50:00,507.2157713,121.455849,2488.486326,1.231879522,0
708,5,2023-01-01 22:00:00,466.6678415,121.7580119,3370.721157,1.002066586,0
709,5,2023-01-01 22:10:00,459.7633317,132.0203442,2680.557591,1.290714467,0
710,5,2023-01-01 22:20:00,557.0716414,128.3367636,2615.79222,0.9322263327,0
711,5,2023-01-01 22:30:00,552.6344583,127.1834926,2833.171285,1.246779386,0
712,5,2023-01-01 22:40:00,404.9020548,83.72696785,2918.731654,0.5905694734,0
713,5,2023-01-01 22:50:00,416.6964707,98.38352699,2925.458456,0.8562403077,0
714,5,2023-01-01 23:00:00,462.5873286,123.7038262,3006.717114,1.005242267,0
715,5,2023-01-01 23:10:00,421.0134887,97.45072882,2900.108876,1.128136753,0
716,5,2023-01-01 23:20:00,471.5408827,111.98827,3325.679936,1.410541133,0
717,5,2023-01-01 23:30:00,539.0212068,129.2775274,2763.037311,1.326841373,0
718,5,2023-01-01 23:40:00,525.9689454,119.4886488,2818.602719,0.9872679157,0
719,5,2023-01-01 23:50:00,528.4523565,141.9041412,2927.390424,1.306680033,0